-- USERS (APP_USERS)
INSERT INTO APP_USERS (ID, USERNAME, NAME, LAST_NAME) VALUES (1, 'user1', 'Alice', 'Smith');
INSERT INTO APP_USERS (ID, USERNAME, NAME, LAST_NAME) VALUES (2, 'user2', 'Bob', 'Johnson');
INSERT INTO APP_USERS (ID, USERNAME, NAME, LAST_NAME) VALUES (3, 'user3', 'Charlie', 'Brown');

-- PRODUCTS
INSERT INTO PRODUCT (ID, NAME, PRICE, STOCK, DESCRIPTION) VALUES (1, 'Keyboard', 49.99, 100, 'Ergonomic mechanical keyboard with RGB backlighting.');
INSERT INTO PRODUCT (ID, NAME, PRICE, STOCK, DESCRIPTION) VALUES (2, 'Mouse', 19.99, 200, 'Wireless optical mouse with adjustable DPI settings.');
INSERT INTO PRODUCT (ID, NAME, PRICE, STOCK, DESCRIPTION) VALUES (3, 'Monitor', 149.99, 50, '27-inch Full HD IPS monitor with thin bezels.');
INSERT INTO PRODUCT (ID, NAME, PRICE, STOCK, DESCRIPTION) VALUES (4, 'Headset', 89.99, 75, 'Gaming headset with surround sound and noise-canceling microphone.');
INSERT INTO PRODUCT (ID, NAME, PRICE, STOCK, DESCRIPTION) VALUES (5, 'USB Cable', 5.99, 300, '6-foot USB-A to USB-C charging and data cable.');
INSERT INTO PRODUCT (ID, NAME, PRICE, STOCK, DESCRIPTION) VALUES (6, 'Webcam', 69.99, 60, '1080p HD webcam with built-in stereo microphone.');
INSERT INTO PRODUCT (ID, NAME, PRICE, STOCK, DESCRIPTION) VALUES (7, 'Laptop Stand', 39.99, 80, 'Adjustable aluminum laptop stand for improved ergonomics.');
INSERT INTO PRODUCT (ID, NAME, PRICE, STOCK, DESCRIPTION) VALUES (8, 'Microphone', 59.99, 40, 'USB condenser microphone for streaming and recording.');
INSERT INTO PRODUCT (ID, NAME, PRICE, STOCK, DESCRIPTION) VALUES (9, 'Speaker', 29.99, 90, 'Compact Bluetooth speaker with rich bass.');
INSERT INTO PRODUCT (ID, NAME, PRICE, STOCK, DESCRIPTION) VALUES (10, 'SSD', 99.99, 70, '1TB NVMe Solid State Drive for lightning-fast storage.');

-- ORDERS
INSERT INTO ORDERS (ID, USER_ID, CREATED_AT) VALUES (1, 1, '2025-07-20 09:00:00');
INSERT INTO ORDERS (ID, USER_ID, CREATED_AT) VALUES (2, 1, '2025-07-20 09:15:00');
INSERT INTO ORDERS (ID, USER_ID, CREATED_AT) VALUES (3, 1, '2025-07-20 09:30:00');
INSERT INTO ORDERS (ID, USER_ID, CREATED_AT) VALUES (4, 1, '2025-07-20 09:45:00');
INSERT INTO ORDERS (ID, USER_ID, CREATED_AT) VALUES (5, 1, '2025-07-20 10:00:00');

INSERT INTO ORDERS (ID, USER_ID, CREATED_AT) VALUES (6, 2, '2025-07-20 10:15:00');
INSERT INTO ORDERS (ID, USER_ID, CREATED_AT) VALUES (7, 2, '2025-07-20 10:30:00');
INSERT INTO ORDERS (ID, USER_ID, CREATED_AT) VALUES (8, 2, '2025-07-20 10:45:00');
INSERT INTO ORDERS (ID, USER_ID, CREATED_AT) VALUES (9, 2, '2025-07-20 11:00:00');
INSERT INTO ORDERS (ID, USER_ID, CREATED_AT) VALUES (10, 2, '2025-07-20 11:15:00');

INSERT INTO ORDERS (ID, USER_ID, CREATED_AT) VALUES (11, 3, '2025-07-20 11:30:00');
INSERT INTO ORDERS (ID, USER_ID, CREATED_AT) VALUES (12, 3, '2025-07-20 11:45:00');
INSERT INTO ORDERS (ID, USER_ID, CREATED_AT) VALUES (13, 3, '2025-07-20 12:00:00');
INSERT INTO ORDERS (ID, USER_ID, CREATED_AT) VALUES (14, 3, '2025-07-20 12:15:00');
INSERT INTO ORDERS (ID, USER_ID, CREATED_AT) VALUES (15, 3, '2025-07-20 12:30:00')

-- ORDER ITEMS
INSERT INTO ORDER_ITEM (ID, ORDER_ID, PRODUCT_ID, QUANTITY) VALUES (1, 1, 1, 2);
INSERT INTO ORDER_ITEM (ID, ORDER_ID, PRODUCT_ID, QUANTITY) VALUES (2, 1, 2, 3);
INSERT INTO ORDER_ITEM (ID, ORDER_ID, PRODUCT_ID, QUANTITY) VALUES (3, 1, 3, 1);
INSERT INTO ORDER_ITEM (ID, ORDER_ID, PRODUCT_ID, QUANTITY) VALUES (4, 1, 4, 4);
INSERT INTO ORDER_ITEM (ID, ORDER_ID, PRODUCT_ID, QUANTITY) VALUES (5, 1, 5, 1);

INSERT INTO ORDER_ITEM (ID, ORDER_ID, PRODUCT_ID, QUANTITY) VALUES (6, 2, 6, 2);
INSERT INTO ORDER_ITEM (ID, ORDER_ID, PRODUCT_ID, QUANTITY) VALUES (7, 2, 7, 2);
INSERT INTO ORDER_ITEM (ID, ORDER_ID, PRODUCT_ID, QUANTITY) VALUES (8, 2, 8, 1);
INSERT INTO ORDER_ITEM (ID, ORDER_ID, PRODUCT_ID, QUANTITY) VALUES (9, 2, 9, 3);
INSERT INTO ORDER_ITEM (ID, ORDER_ID, PRODUCT_ID, QUANTITY) VALUES (10, 2, 10, 2);

INSERT INTO ORDER_ITEM (ID, ORDER_ID, PRODUCT_ID, QUANTITY) VALUES (11, 3, 1, 1);
INSERT INTO ORDER_ITEM (ID, ORDER_ID, PRODUCT_ID, QUANTITY) VALUES (12, 3, 2, 2);
INSERT INTO ORDER_ITEM (ID, ORDER_ID, PRODUCT_ID, QUANTITY) VALUES (13, 3, 3, 1);
INSERT INTO ORDER_ITEM (ID, ORDER_ID, PRODUCT_ID, QUANTITY) VALUES (14, 3, 4, 1);
INSERT INTO ORDER_ITEM (ID, ORDER_ID, PRODUCT_ID, QUANTITY) VALUES (15, 3, 5, 1);

INSERT INTO ORDER_ITEM (ID, ORDER_ID, PRODUCT_ID, QUANTITY) VALUES (16, 4, 6, 2);
INSERT INTO ORDER_ITEM (ID, ORDER_ID, PRODUCT_ID, QUANTITY) VALUES (17, 4, 7, 1);
INSERT INTO ORDER_ITEM (ID, ORDER_ID, PRODUCT_ID, QUANTITY) VALUES (18, 4, 8, 2);
INSERT INTO ORDER_ITEM (ID, ORDER_ID, PRODUCT_ID, QUANTITY) VALUES (19, 4, 9, 1);
INSERT INTO ORDER_ITEM (ID, ORDER_ID, PRODUCT_ID, QUANTITY) VALUES (20, 4, 10, 1);

INSERT INTO ORDER_ITEM (ID, ORDER_ID, PRODUCT_ID, QUANTITY) VALUES (21, 5, 1, 2);
INSERT INTO ORDER_ITEM (ID, ORDER_ID, PRODUCT_ID, QUANTITY) VALUES (22, 5, 2, 1);
INSERT INTO ORDER_ITEM (ID, ORDER_ID, PRODUCT_ID, QUANTITY) VALUES (23, 5, 3, 2);
INSERT INTO ORDER_ITEM (ID, ORDER_ID, PRODUCT_ID, QUANTITY) VALUES (24, 5, 4, 1);
INSERT INTO ORDER_ITEM (ID, ORDER_ID, PRODUCT_ID, QUANTITY) VALUES (25, 5, 5, 3);

INSERT INTO ORDER_ITEM (ID, ORDER_ID, PRODUCT_ID, QUANTITY) VALUES (26, 6, 6, 1);
INSERT INTO ORDER_ITEM (ID, ORDER_ID, PRODUCT_ID, QUANTITY) VALUES (27, 6, 7, 1);
INSERT INTO ORDER_ITEM (ID, ORDER_ID, PRODUCT_ID, QUANTITY) VALUES (28, 6, 8, 1);
INSERT INTO ORDER_ITEM (ID, ORDER_ID, PRODUCT_ID, QUANTITY) VALUES (29, 6, 9, 1);
INSERT INTO ORDER_ITEM (ID, ORDER_ID, PRODUCT_ID, QUANTITY) VALUES (30, 6, 10, 1);

INSERT INTO ORDER_ITEM (ID, ORDER_ID, PRODUCT_ID, QUANTITY) VALUES (31, 7, 1, 3);
INSERT INTO ORDER_ITEM (ID, ORDER_ID, PRODUCT_ID, QUANTITY) VALUES (32, 7, 2, 2);
INSERT INTO ORDER_ITEM (ID, ORDER_ID, PRODUCT_ID, QUANTITY) VALUES (33, 7, 3, 2);
INSERT INTO ORDER_ITEM (ID, ORDER_ID, PRODUCT_ID, QUANTITY) VALUES (34, 7, 4, 2);
INSERT INTO ORDER_ITEM (ID, ORDER_ID, PRODUCT_ID, QUANTITY) VALUES (35, 7, 5, 2);

INSERT INTO ORDER_ITEM (ID, ORDER_ID, PRODUCT_ID, QUANTITY) VALUES (36, 8, 6, 3);
INSERT INTO ORDER_ITEM (ID, ORDER_ID, PRODUCT_ID, QUANTITY) VALUES (37, 8, 7, 3);
INSERT INTO ORDER_ITEM (ID, ORDER_ID, PRODUCT_ID, QUANTITY) VALUES (38, 8, 8, 3);
INSERT INTO ORDER_ITEM (ID, ORDER_ID, PRODUCT_ID, QUANTITY) VALUES (39, 8, 9, 3);
INSERT INTO ORDER_ITEM (ID, ORDER_ID, PRODUCT_ID, QUANTITY) VALUES (40, 8, 10, 3);

INSERT INTO ORDER_ITEM (ID, ORDER_ID, PRODUCT_ID, QUANTITY) VALUES (41, 9, 1, 1);
INSERT INTO ORDER_ITEM (ID, ORDER_ID, PRODUCT_ID, QUANTITY) VALUES (42, 9, 2, 1);
INSERT INTO ORDER_ITEM (ID, ORDER_ID, PRODUCT_ID, QUANTITY) VALUES (43, 9, 3, 1);
INSERT INTO ORDER_ITEM (ID, ORDER_ID, PRODUCT_ID, QUANTITY) VALUES (44, 9, 4, 1);
INSERT INTO ORDER_ITEM (ID, ORDER_ID, PRODUCT_ID, QUANTITY) VALUES (45, 9, 5, 1);

INSERT INTO ORDER_ITEM (ID, ORDER_ID, PRODUCT_ID, QUANTITY) VALUES (46, 10, 6, 2);
INSERT INTO ORDER_ITEM (ID, ORDER_ID, PRODUCT_ID, QUANTITY) VALUES (47, 10, 7, 2);
INSERT INTO ORDER_ITEM (ID, ORDER_ID, PRODUCT_ID, QUANTITY) VALUES (48, 10, 8, 2);
INSERT INTO ORDER_ITEM (ID, ORDER_ID, PRODUCT_ID, QUANTITY) VALUES (49, 10, 9, 2);
INSERT INTO ORDER_ITEM (ID, ORDER_ID, PRODUCT_ID, QUANTITY) VALUES (50, 10, 10, 2);

INSERT INTO ORDER_ITEM (ID, ORDER_ID, PRODUCT_ID, QUANTITY) VALUES (51, 11, 1, 3);
INSERT INTO ORDER_ITEM (ID, ORDER_ID, PRODUCT_ID, QUANTITY) VALUES (52, 11, 2, 3);
INSERT INTO ORDER_ITEM (ID, ORDER_ID, PRODUCT_ID, QUANTITY) VALUES (53, 11, 3, 3);
INSERT INTO ORDER_ITEM (ID, ORDER_ID, PRODUCT_ID, QUANTITY) VALUES (54, 11, 4, 3);
INSERT INTO ORDER_ITEM (ID, ORDER_ID, PRODUCT_ID, QUANTITY) VALUES (55, 11, 5, 3);

INSERT INTO ORDER_ITEM (ID, ORDER_ID, PRODUCT_ID, QUANTITY) VALUES (56, 12, 6, 1);
INSERT INTO ORDER_ITEM (ID, ORDER_ID, PRODUCT_ID, QUANTITY) VALUES (57, 12, 7, 1);
INSERT INTO ORDER_ITEM (ID, ORDER_ID, PRODUCT_ID, QUANTITY) VALUES (58, 12, 8, 1);
INSERT INTO ORDER_ITEM (ID, ORDER_ID, PRODUCT_ID, QUANTITY) VALUES (59, 12, 9, 1);
INSERT INTO ORDER_ITEM (ID, ORDER_ID, PRODUCT_ID, QUANTITY) VALUES (60, 12, 10, 1);

INSERT INTO ORDER_ITEM (ID, ORDER_ID, PRODUCT_ID, QUANTITY) VALUES (61, 13, 1, 2);
INSERT INTO ORDER_ITEM (ID, ORDER_ID, PRODUCT_ID, QUANTITY) VALUES (62, 13, 2, 2);
INSERT INTO ORDER_ITEM (ID, ORDER_ID, PRODUCT_ID, QUANTITY) VALUES (63, 13, 3, 2);
INSERT INTO ORDER_ITEM (ID, ORDER_ID, PRODUCT_ID, QUANTITY) VALUES (64, 13, 4, 2);
INSERT INTO ORDER_ITEM (ID, ORDER_ID, PRODUCT_ID, QUANTITY) VALUES (65, 13, 5, 2);

INSERT INTO ORDER_ITEM (ID, ORDER_ID, PRODUCT_ID, QUANTITY) VALUES (66, 14, 6, 3);
INSERT INTO ORDER_ITEM (ID, ORDER_ID, PRODUCT_ID, QUANTITY) VALUES (67, 14, 7, 3);
INSERT INTO ORDER_ITEM (ID, ORDER_ID, PRODUCT_ID, QUANTITY) VALUES (68, 14, 8, 3);
INSERT INTO ORDER_ITEM (ID, ORDER_ID, PRODUCT_ID, QUANTITY) VALUES (69, 14, 9, 3);
INSERT INTO ORDER_ITEM (ID, ORDER_ID, PRODUCT_ID, QUANTITY) VALUES (70, 14, 10, 3);

INSERT INTO ORDER_ITEM (ID, ORDER_ID, PRODUCT_ID, QUANTITY) VALUES (71, 15, 1, 1);
INSERT INTO ORDER_ITEM (ID, ORDER_ID, PRODUCT_ID, QUANTITY) VALUES (72, 15, 3, 2);
INSERT INTO ORDER_ITEM (ID, ORDER_ID, PRODUCT_ID, QUANTITY) VALUES (73, 15, 5, 1);
INSERT INTO ORDER_ITEM (ID, ORDER_ID, PRODUCT_ID, QUANTITY) VALUES (74, 15, 7, 2);
INSERT INTO ORDER_ITEM (ID, ORDER_ID, PRODUCT_ID, QUANTITY) VALUES (75, 15, 9, 1);
